task_id,family,mean_entropy_top20_nl,mean_entropy_top20_python,mean_entropy_full_nl,mean_entropy_full_python,mean_p1_nl,mean_p1_python,mean_top20_mass_nl,mean_top20_mass_python,delta_mean_entropy_top20,delta_mean_entropy_full
absolute_values,element_transform,0.43979177190960406,0.1889834180961223,0.44399413934128634,0.1901872842147638,0.8365924286884395,0.9369585980539737,0.9996143547157761,0.9999040943988855,0.25080835381348177,0.25380685512652257
adjacent_differences,adjacent_transform,0.5630671304233115,0.17774619763840574,0.5862505784868423,0.17985222904478504,0.8101643580814888,0.9362144953122846,0.9971028881511469,0.9998263109613349,0.38532093278490576,0.4063983494420572
adjacent_sums,adjacent_transform,0.5494210768586605,0.1701880517526172,0.5657195376915308,0.17199311495370165,0.7908075017693602,0.9378762907452054,0.998197536409637,0.9998487145812422,0.3792330251060433,0.3937264227378292
anti_diagonal_sum,diagonal_aggregate,0.7484750086109021,0.18798298284789908,0.8253117237860957,0.19268165077093766,0.7654216591091383,0.9388882532986939,0.9912036827632361,0.9995185329246743,0.560492025763003,0.6326300730151581
are_disjoint,set_relation,0.5783198318319558,0.26923172750656915,0.5888057264741372,0.28706825998522567,0.7877463123872754,0.9091702562112074,0.9990445552103234,0.9979911897426996,0.30908810432538664,0.30173746648891153
binary_search_exact,binary_search,0.7278205413590619,0.15629678563152175,0.7706025233844209,0.16501180588426886,0.763735623322716,0.9489620712238614,0.994870381761891,0.9990715096143692,0.5715237557275402,0.605590717500152
binary_search_insertion,binary_search,0.6248164817304562,0.20958016149927064,0.662586945113479,0.222379068175848,0.792078615138025,0.9304816773280735,0.9956998080015182,0.9986484758962829,0.4152363202311856,0.4402078769376311
binary_to_integer,base_conversion,0.5495559858655187,0.24046580130039544,0.5771329291092689,0.24270087432559906,0.8069235431250705,0.9080965515746864,0.9967003177143767,0.9998011012231149,0.30909018456512327,0.3344320547836699
bubble_sort_ascending,bubble_sort,0.5757008892858351,0.09901088645905064,0.6076445220390151,0.10033434055792206,0.8090269788409824,0.9667479155081947,0.9958129045725972,0.9998921799511452,0.4766900028267844,0.507310181481093
bubble_sort_descending,bubble_sort,0.6173354330483023,0.11622796520909427,0.6561392369880262,0.11748803197342757,0.7934194258241742,0.9506516817662565,0.9949826953449735,0.9998951338935237,0.501107467839208,0.5386512050145986
chunks_fixed_size,chunking,0.3928235363235198,0.24785112474945095,0.4011301602133446,0.25318250875689136,0.8646486729684503,0.9141139290607847,0.999085216811209,0.9994614100581534,0.14497241157406884,0.14794765145645322
chunks_pairs,chunking,0.7914020439742931,0.22512412998607986,0.8496444032145,0.232340539177987,0.7404631892840068,0.9207677007411897,0.9922363343692963,0.9991957619383528,0.5662779139882133,0.6173038640365129
clamp_values,bounded_numeric_transform,0.47377574930832456,0.2733200608529686,0.48589795736062164,0.28744368701701434,0.8296119525846911,0.9070404400943515,0.9987194964435041,0.9984074821820873,0.20045568845535594,0.1984542703436073
contains_target,membership_test,0.4193517159487145,0.21607534764558292,0.42375424431714254,0.2197716436158649,0.8427695656873256,0.9284227522214253,0.9996209138197916,0.9996390612920125,0.2032763683031316,0.20398260070127763
contains_zero,membership_test,0.37167429528190493,0.16462891701063614,0.3753697974104589,0.16490824322436812,0.8778019485068439,0.9380557495686744,0.9996702041727765,0.9999788684977425,0.2070453782712688,0.21046155418609078
count_above,threshold_count,0.3585916504420476,0.20528461679428442,0.36666447766196825,0.2083242247610939,0.8735658390955492,0.924042071958985,0.9991202730121035,0.9997071828505005,0.15330703364776319,0.15834025290087433
count_below,threshold_count,0.3506245897937333,0.19613050836051107,0.3592065635984798,0.19953987655995808,0.8766103905409274,0.9310577578014797,0.9990414346107328,0.9996700076141743,0.1544940814332222,0.15966668703852172
count_character,char_count,0.42273231571424996,0.14007891998402774,0.4278604005088305,0.1429431683720597,0.8509807821476097,0.957416187934201,0.9995238805660094,0.9997512367036608,0.2826533957302222,0.2849172321367708
count_digits,digit_count,0.2699910658347528,0.15641103022628355,0.27560389954102305,0.15886398276123395,0.913521888435528,0.9464846771172803,0.9994668614479804,0.9997604489326477,0.11358003560846924,0.1167399167797891
count_divisors,divisors,0.4721330967256098,0.07848677064656304,0.48427824427584,0.07970059813471864,0.8371568163876892,0.9749216068358648,0.9988713389442813,0.9998992686233823,0.3936463260790468,0.40457764614112135
count_equal_neighbors,adjacent_analysis,0.6061422299465229,0.18700142922453059,0.6165218759788436,0.18944919584783063,0.7554248776929132,0.9318593679729154,0.9990104320405543,0.9997922623085626,0.41914080072199233,0.42707268013101296
count_even,parity_count,0.5828704828457073,0.15922094161074227,0.5971431538171946,0.16040491840967655,0.7897968752575771,0.9386414510863168,0.9984971254531826,0.9998987867718651,0.423649541234965,0.4367382354075181
count_even_digits,digit_count,0.3094645934738764,0.07392483714916566,0.31259348516483726,0.0745721664593953,0.8850853335961961,0.9756356331537354,0.9997229304230005,0.999948209561642,0.23553975632471075,0.23802131870544196
count_increases,adjacent_analysis,0.4929731701621645,0.216536941014754,0.5017314861046355,0.22745496696328218,0.8164136546781693,0.9263094223162088,0.9990828229093003,0.9986575035788169,0.2764362291474105,0.2742765191413533
count_odd,parity_count,0.5585940148006124,0.18828859565647318,0.5694855018904837,0.19026284633281687,0.7945408546942331,0.922254723594302,0.9988721620468866,0.9998242593946912,0.3703054191441393,0.3792226555576669
count_primes_up_to,primality,0.6506290561088396,0.15069741227012315,0.7131599888412489,0.16222969316566851,0.790347572967962,0.954049135050761,0.9924544405054164,0.9988158595152002,0.49993164383871647,0.5509302956755804
count_unique_words,word_count,0.49191481864545494,0.3042714760476057,0.5151778036256373,0.31534543807951687,0.8168757603400283,0.9015538985982087,0.996752655506134,0.9987207732417366,0.18764334259784926,0.19983236554612038
count_vowels,char_count,0.3924757030456249,0.18434904339055283,0.3998545281032462,0.18751695528700932,0.8513328361078205,0.9314215762274606,0.9993016699015924,0.9996945511727106,0.20812665965507207,0.21233757281623686
count_words,word_count,0.4818994604122256,0.19781637602977242,0.5106380111408523,0.20407723372724526,0.8630382476581467,0.9531045834223429,0.9959825918906264,0.9994584321975708,0.28408308438245317,0.306560777413607
dedupe_first,deduplication,0.5056388203651366,0.1850985207538037,0.5154340044333897,0.19390704097509612,0.824052183401017,0.9424633642037709,0.9989989524461976,0.9991304013464187,0.3205402996113329,0.32152696345829357
dedupe_last,deduplication,0.5292845200076802,0.2538676561140532,0.5397396210278217,0.278208873911258,0.8134512857802537,0.9156751649720327,0.9990119674400976,0.9968409941309974,0.275416863893627,0.2615307471165637
digit_product,digit_aggregate,0.4181443003119167,0.08896436489429908,0.4517680331253249,0.09114107031212383,0.8628231735542568,0.9726269521095134,0.9963711132906905,0.999813202906538,0.3291799354176176,0.36062696281320106
digit_sum,digit_aggregate,0.3079448772683702,0.1133264479458461,0.31348856172766626,0.11777612230555956,0.8878359803647706,0.9631793160957317,0.9994842614790406,0.9994765978168559,0.1946184293225241,0.1957124394221067
factorial_iterative,factorial_product,0.6511592755715052,0.12788980345794695,0.7078276361028353,0.13068473873984957,0.7857071086764336,0.9584239559868971,0.9934200376272201,0.9997553005814552,0.5232694721135582,0.5771428973629857
fibonacci_first_n,fibonacci,0.7554037268467558,0.22555191064509286,0.8065005284001084,0.23714468158945054,0.7364851553682928,0.9261015800846385,0.9932576439998769,0.9987142889465845,0.529851816201663,0.5693558468106579
fibonacci_nth,fibonacci,0.8289829061156319,0.21707444622853955,0.9402722077924878,0.23108513675289757,0.7415511197941278,0.9329611242891431,0.9854377412026928,0.9984446753252735,0.6119084598870923,0.7091870710395902
filter_mapping_by_value,dictionary_transform,0.3011244407590044,0.18557056038482658,0.30558855917603395,0.19153720577943623,0.8933466330847958,0.9414976529240072,0.9996316323263778,0.9993817476807415,0.11555388037417783,0.11405135339659772
filter_negative,sign_filter,0.45158098313726375,0.17992520690857927,0.4681513101417362,0.18184468000580287,0.8281611067177069,0.9251991143856926,0.9981404059262388,0.9998234544677295,0.2716557762286845,0.2863066301359334
filter_nonnegative,sign_filter,0.48168660651520834,0.23457708427027277,0.5051694425847048,0.2471937830783594,0.8264755150585463,0.9200032889842986,0.9971279701098849,0.998552151521047,0.24710952224493557,0.2579756595063454
first_even_index,first_match_index,0.49950133750964176,0.1215955484009813,0.5102975201268838,0.12363414648892497,0.8209728841073614,0.9669206372151772,0.9989386954320171,0.9997917295744022,0.37790578910866046,0.38666337363795883
first_negative_index,first_match_index,0.5650262835943424,0.16986274414324165,0.5847594039974163,0.17123478117446733,0.8133754356197579,0.9384896988156198,0.9978394825780202,0.9998902781256315,0.3951635394511007,0.413524622822949
flatten_lists,flatten_one_level,0.3783199765324734,0.1325701891456674,0.3816923672264459,0.1361210580518153,0.8629221818555793,0.9610591356952985,0.9996677097092327,0.9996192214034854,0.245749787386806,0.2455713091746306
flatten_pairs,flatten_one_level,0.5514623140959213,0.23219877091710553,0.5673316699320164,0.23716193375223857,0.7979360622931749,0.9182070717616106,0.9982360226985736,0.9995140685469553,0.3192635431788158,0.33016973617977785
frequency_map_chars,frequency_map,0.6042568889748472,0.15113197886770746,0.6372021420636774,0.1557307446150315,0.7734538304732378,0.9467049730840579,0.9946386002831988,0.9995263154192489,0.45312491010713973,0.4814713974486459
frequency_map_items,frequency_map,0.5845839158859547,0.17029883069878204,0.6138156000703902,0.17526780010049037,0.7785723956555805,0.9437535037314655,0.9953558207912878,0.9994727490176217,0.41428508518717266,0.4385477999698998
gcd_list,gcd_family,0.5674588241906046,0.18526319241354883,0.5771360008669338,0.18976003616690953,0.8032308492499093,0.9359706808967649,0.9989342261105776,0.9994709646564791,0.38219563177705573,0.38737596470002433
gcd_two,gcd_family,0.26043791263566074,0.1576417801249294,0.26902827993539435,0.16315121991125844,0.9109857570557368,0.9433915302341367,0.9989445306005932,0.9994197090466818,0.10279613251073133,0.10587706002413591
group_by_first_character,grouping,0.6294478947062488,0.18507024571316863,0.6723634999357562,0.19121369483256437,0.7806619221390022,0.9380534644810042,0.9934383789940577,0.9993486734116135,0.4443776489930802,0.48114980510319183
group_by_length,grouping,0.6167451360967827,0.17696517816076032,0.6496098059303493,0.1838177129369334,0.7882502727274202,0.939606772738169,0.9953337530677135,0.9992613975788136,0.4397799579360224,0.46579209299341595
insertion_sort_ascending,insertion_sort,0.5515215717204329,0.11114904816490719,0.5724299163298888,0.11482154877712607,0.8323082702027427,0.9647982780147547,0.9976857781410219,0.9995830835439277,0.44037252355552575,0.45760836755276274
insertion_sort_descending,insertion_sort,0.587931513812186,0.1234362916384667,0.6127429146345498,0.12657734370434556,0.8237501826551226,0.9554163325933366,0.9971827798419529,0.9996513123404064,0.4644952221737193,0.4861655709302042
integer_to_binary,base_conversion,0.6408077324878024,0.17869844943454993,0.6659829434355305,0.1815291766670788,0.7823485988709661,0.9441311848842031,0.997117907912643,0.999737088757802,0.4621092830532525,0.48445376676845175
invert_unique_map,dictionary_transform,0.47614486826092195,0.23244447983027464,0.49411972781472263,0.2373393943912199,0.8339844087329041,0.9105437328834056,0.997607301860567,0.9995629727987233,0.2437003884306473,0.2567803334235027
is_nondecreasing,monotonicity,0.46802991483768713,0.078239256192083,0.47522512893505414,0.07871680430510303,0.8269169037487344,0.9755347536669836,0.9994017158144265,0.9999634264795869,0.38979065864560414,0.3965083246299511
is_prime,primality,0.6052443085762514,0.04557922675208894,0.6325859636066342,0.04599843945010237,0.7759306747131247,0.9840027051034316,0.9969453463794061,0.9999703055892896,0.5596650818241625,0.5865875241565318
is_strictly_increasing,monotonicity,0.40983196489956625,0.0834234593923447,0.4156069484203446,0.08381698171351347,0.8547364454246079,0.9691879218607617,0.9995163178090194,0.9999687802373317,0.32640850550722156,0.33178996670683114
is_subset,set_relation,0.44466057152697896,0.2823339203756311,0.4495841628377571,0.30124676475654083,0.8369442523259835,0.9155529061189065,0.9995779357422357,0.9978660650742359,0.16232665115134787,0.14833739808121627
keep_letters,string_filter,0.40889319681158626,0.2452857753121461,0.4143163087329185,0.24908753403219852,0.8495701154639125,0.9110810448016439,0.9995045851551683,0.9996168606338047,0.16360742149944016,0.16522877470072
lcm_list,lcm_family,0.562613473411118,0.21295179486276886,0.5698272265258457,0.21678113678040603,0.8096569084352062,0.917712637920523,0.9993065678945152,0.9995916217280542,0.3496616785483492,0.3530460897454397
lcm_two,lcm_family,0.4969864424562425,0.1877365623172135,0.5126008552809557,0.19304057709769387,0.8114009928845224,0.9309419340403505,0.9977707195849645,0.9994702108146608,0.309249880139029,0.3195602781832618
least_frequent,mode_selection,0.8896380083546752,0.23675256383891088,0.9773218721772233,0.24599392342380777,0.6928664572891735,0.9224614503284663,0.9870769727797736,0.9989492195414925,0.6528854445157644,0.7313279487534156
linear_first_index,linear_search,0.4883529042063808,0.16499415694974257,0.4950465944328903,0.1678904809951948,0.8315950583647749,0.9349012381500668,0.999376412556328,0.9996900366412268,0.3233587472566382,0.32715611343769546
linear_last_index,linear_search,0.5599800167069285,0.23719024524921817,0.5902721824092757,0.24941989866466052,0.7991791039069955,0.9255568146647534,0.9967599808476693,0.9986438719268896,0.3227897714577104,0.3408522837446152
list_divisors,divisors,0.6662646360347454,0.08002847764843167,0.689900711893864,0.0807572143863016,0.750946350252948,0.9776772281552991,0.9974575385736779,0.9999436752791078,0.5862361583863137,0.6091434975075625
list_palindrome,palindrome_test,0.7614392775817708,0.16316178829953995,0.7889775967282254,0.174169863752743,0.7502663969993592,0.946881933003922,0.9971478212447393,0.9984813920863264,0.5982774892822308,0.6148077329754824
main_diagonal_sum,diagonal_aggregate,0.7248551575705792,0.11258922356098561,0.7937899865090655,0.1142917428288084,0.7535685358139185,0.9642918093871046,0.9918792499945713,0.9998526759045099,0.6122659340095935,0.6794982436802571
matrix_column_sums,matrix_aggregate,0.5847447994735786,0.18862954332103463,0.5935737930932173,0.19898105704400285,0.7844533270188406,0.9351526789104964,0.9988506255196591,0.9985815652267921,0.39611525615254395,0.3945927360492145
matrix_contains,matrix_search,0.50361066303997,0.23718041577665158,0.5167433885585674,0.24679302587663585,0.8306936502381407,0.9194484282565374,0.9986285300304493,0.9987854835807636,0.26643024726331843,0.2699503626819315
matrix_find_position,matrix_search,0.5397727673293399,0.20681656266225765,0.5511609743621273,0.21641464963198018,0.8160964258407292,0.9251913865830036,0.9988425442001275,0.9989547530810038,0.3329562046670822,0.3347463247301471
matrix_row_sums,matrix_aggregate,0.5054593569292766,0.1452741263585006,0.5131404691918476,0.14848512879602727,0.8132189295508644,0.9468444761830527,0.9992499152819315,0.9996669133098527,0.360185230570776,0.36465534039582037
merge_sorted_ascending,merge_sorted,0.6567804627648676,0.12958902320518975,0.6955749099735705,0.1337386682014435,0.7771340436129659,0.9586558656369984,0.9953148878282971,0.9995635283630554,0.5271914395596778,0.561836241772127
merge_sorted_descending,merge_sorted,0.6958527671845837,0.11687736073823209,0.7514391400375947,0.12095616303381594,0.7686163629922603,0.9592853043924526,0.9929643543782057,0.9995638563990181,0.5789754064463516,0.6304829770037788
minmax_normalize,bounded_numeric_transform,0.47873550651211033,0.3157664409525898,0.49496827087275225,0.3370478851727856,0.8247327336616683,0.9000694003294815,0.9979716251816666,0.9971172412989114,0.1629690655595205,0.15792038569996664
most_frequent,mode_selection,0.879264455820833,0.2426856812763775,0.9720732866830769,0.2512898700191568,0.7044522142126447,0.9103643350551395,0.9862151185671489,0.9990229368546054,0.6365787745444556,0.7207834166639201
moving_average_three,sliding_window,0.6676320837377899,0.19417474693749348,0.7180226073421613,0.19808115765802303,0.7811015448485962,0.9307259129977239,0.9936456987352082,0.9996245043967407,0.47345733680029645,0.5199414496841382
numeric_palindrome,numeric_reverse,0.46169033571133816,0.09535071658757836,0.46616902543159605,0.09792490231059882,0.8382638297746591,0.9688401756650311,0.999519779809392,0.9996797629546433,0.3663396191237598,0.36824412312099725
ordered_intersection,ordered_intersection,0.374726057778878,0.2423832406053811,0.3957060320528633,0.2538922052474744,0.8763321537814873,0.9228388104173871,0.9973837167264955,0.9988117337226868,0.1323428171734969,0.1418138268053889
ordered_unique_intersection,ordered_intersection,0.46634605569661924,0.2647601024253487,0.4939036007386865,0.2725563192884566,0.8436449691778471,0.908731221600815,0.9960946081900128,0.9991892681077674,0.20158595327127055,0.22134728145022992
partition_by_sign,partition,0.3836099417213658,0.25342725283299194,0.40257524054266525,0.27185559824861755,0.8749293927437088,0.9101425199346109,0.9980100122190292,0.9978293402878259,0.13018268888837387,0.1307196422940477
partition_by_threshold,partition,0.5408355954661256,0.22155601499875258,0.5619510725588917,0.24298363395193942,0.8140812086802658,0.9252381265997135,0.9978709076895083,0.9970703430602971,0.31927958046737304,0.3189674386069522
product_one_to_n,factorial_product,0.5683272988830382,0.11676552515582624,0.6194436859018687,0.11874030423033129,0.8091191464331415,0.9621718977436875,0.9942092360721695,0.9998098160281326,0.451561773727212,0.5007033816715374
remove_digits,string_filter,0.33521653752385855,0.2005479762220992,0.3403196339181503,0.20405459059551978,0.8805641230006133,0.9260755390638398,0.9994940239758718,0.9996545612812042,0.13466856130175936,0.1362650433226305
reverse_integer,numeric_reverse,0.44066999634626763,0.0793524654259875,0.46353252571393816,0.0804096727148229,0.8512517685113951,0.9763623630324153,0.9972687654717024,0.9999092977943151,0.3613175309202801,0.38312285299911525
reverse_list,reverse_sequence,0.4147506350090813,0.1243719336560359,0.43329234012449613,0.12594712543496803,0.853668235584016,0.9611265165465218,0.9975792294141478,0.999859070777893,0.29037870135304544,0.30734521468952813
reverse_string,reverse_sequence,0.3500952739202465,0.15839962933547272,0.36101896043349463,0.1609848658388863,0.8822284325443466,0.9475901285807291,0.9987304907029094,0.9997592522984459,0.19169564458477376,0.20003409459460833
rotate_left_one,rotation,0.6047042638409692,0.196860815555888,0.6268744912559692,0.20798013098746884,0.7872516558720516,0.9403692788134018,0.9972988359439068,0.998736847192049,0.40784344828508123,0.41889436026850035
rotate_matrix_clockwise,matrix_transform,0.7305360294789113,0.2083220273626325,0.7864889995973425,0.22060573961961913,0.7523122186010535,0.9356033114630892,0.9927941301856377,0.9986757153149534,0.5222140021162788,0.5658832599777234
rotate_right_one,rotation,0.6182146710084958,0.27598797130369723,0.6414247042525353,0.2828583855026178,0.7994570657610893,0.906719353692285,0.9973912934462229,0.9992830170982185,0.3422266997047986,0.35856631874991746
running_product,cumulative_scan,0.6482492320032583,0.201340978937713,0.6865435528099999,0.20633051457040127,0.7697615909117,0.9289080493076883,0.9952218805078986,0.9994773605857232,0.4469082530655454,0.4802130382395986
running_sum,cumulative_scan,0.7090471350495612,0.21383258271192176,0.747632353939955,0.22144372141514337,0.7596247851311624,0.9299480749501123,0.9953685730427235,0.9991511636310153,0.49521455233763945,0.5261886325248116
scan_max,scan_extremum,0.4592050329084101,0.21138294555508175,0.46374522056344175,0.2250283522906175,0.8383849613499224,0.9341881922399154,0.9995686100025839,0.9983462607017671,0.24782208735332834,0.23871686827282426
scan_min,scan_extremum,0.45304105551024687,0.19702063694042252,0.4591408428556983,0.212067438518826,0.8432240836050829,0.9355127119054698,0.9994368285838945,0.9981135455044833,0.2560204185698244,0.24707340433687228
selection_sort_ascending,selection_sort,0.5802425332137463,0.11120688626614483,0.5938719158911686,0.11410037007641056,0.8041147181281337,0.9686000200133146,0.9986425358572125,0.9997121899514845,0.46903564694760147,0.47977154581475806
selection_sort_descending,selection_sort,0.6024326758263747,0.13636488731118865,0.6198122933001061,0.13927114861239284,0.8032976856202255,0.9561855387565735,0.9982168416918061,0.9997190055397805,0.46606778851518604,0.48054114468771325
square_values,element_transform,0.4639995353288488,0.19230043593371857,0.4722756175197023,0.19307552996278013,0.8300316488695523,0.9374639934135809,0.9991697989128254,0.9999399499760733,0.27169909939513026,0.27920008755692216
string_palindrome,palindrome_test,0.722171882418583,0.14440111109450224,0.7454447332952571,0.15592023474929392,0.7518435994784037,0.9541303578522298,0.997611431280772,0.9984031675762429,0.5777707713240807,0.5895244985459631
sum_negative,sign_sum,0.48316254754148885,0.15964104681436628,0.5054018136239459,0.16201387426789185,0.8362051464092118,0.9481859437880976,0.9975265181911136,0.9997819899230874,0.3235215007271226,0.34338793935605405
sum_positive,sign_sum,0.422442590354095,0.15604240366354263,0.44051817432544493,0.15742799627653722,0.8603587686920773,0.9469311682767767,0.997979903811807,0.9998773137728373,0.2664001866905523,0.2830901780489077
transpose_matrix,matrix_transform,0.7855348474161777,0.1452877264939978,0.8399411110513029,0.15167015617846438,0.7301738201640546,0.9575643535586948,0.992830807964007,0.9992372221201872,0.64024712092218,0.6882709548728385
window_sum_three,sliding_window,0.7231223053698029,0.1680606054429822,0.7809557919612243,0.17382549325090735,0.7716184792419275,0.9460744746282798,0.9925827589772998,0.9994247653046432,0.5550616999268208,0.607130298710317
