contrast,left_condition,right_condition,task_id,family,delta_h20,delta_valid_vocab,delta_semantic_step
C1,procedural_prose,controlled_nl,absolute_values,element_transform,0.05382762401240426,0.04251576966204107,0.07624829891780216
C1,procedural_prose,controlled_nl,adjacent_differences,adjacent_transform,0.074997969476156,0.06292315531726256,0.12804134009447266
C1,procedural_prose,controlled_nl,adjacent_sums,adjacent_transform,0.09283188836136702,0.08613182405265718,0.15251890721464145
C1,procedural_prose,controlled_nl,anti_diagonal_sum,diagonal_aggregate,0.11662865706436165,0.1287514318745856,0.15875382091544465
C1,procedural_prose,controlled_nl,are_disjoint,set_relation,0.0402705521296971,0.03405349656447143,0.16583861317360848
C1,procedural_prose,controlled_nl,binary_search_exact,binary_search,0.08887626253586511,0.09857856345585425,0.18758778202211757
C1,procedural_prose,controlled_nl,binary_search_insertion,binary_search,0.07258312598162575,0.06773767648801243,0.21352835070055576
C1,procedural_prose,controlled_nl,binary_to_integer,base_conversion,0.09305523084689549,0.10162932550408288,0.13635335452103936
C1,procedural_prose,controlled_nl,bubble_sort_ascending,bubble_sort,0.06508749270744346,0.0646578532511195,0.12778727677176893
C1,procedural_prose,controlled_nl,bubble_sort_descending,bubble_sort,0.08330739122341602,0.08415310373274854,0.15911428166296115
C1,procedural_prose,controlled_nl,chunks_fixed_size,chunking,0.03396810490102742,-0.0428915812123587,-0.01911346251863677
C1,procedural_prose,controlled_nl,chunks_pairs,chunking,0.0365563251706259,0.0028721359719199313,0.05818144904734823
C1,procedural_prose,controlled_nl,clamp_values,bounded_numeric_transform,0.015570366613856357,-0.019031484040009095,-0.03095924034101427
C1,procedural_prose,controlled_nl,contains_target,membership_test,0.10714346943470976,0.12153691360343655,0.2882867353563947
C1,procedural_prose,controlled_nl,contains_zero,membership_test,0.1284508021251286,0.18107416902207962,0.2558628749516082
C1,procedural_prose,controlled_nl,count_above,threshold_count,0.026216266565389557,-0.002188534336613035,0.1925409283603412
C1,procedural_prose,controlled_nl,count_below,threshold_count,0.022675334143267722,-0.00641073103567269,0.18937205675677582
C1,procedural_prose,controlled_nl,count_character,char_count,0.07726296188892545,0.06527536783552224,0.2509413033092639
C1,procedural_prose,controlled_nl,count_digits,digit_count,0.01664457009474052,-0.010696872379957534,0.14000958605306602
C1,procedural_prose,controlled_nl,count_divisors,divisors,0.12874510713611143,0.13409620412310375,0.20695697837977955
C1,procedural_prose,controlled_nl,count_equal_neighbors,adjacent_analysis,0.049996614489452584,0.03835717187116616,0.16152066522766217
C1,procedural_prose,controlled_nl,count_even,parity_count,0.05014336558145449,0.03760019282172267,0.1522614898045469
C1,procedural_prose,controlled_nl,count_even_digits,digit_count,0.07486868166018262,0.06587059176714238,0.15238506444558958
C1,procedural_prose,controlled_nl,count_increases,adjacent_analysis,0.04654779885817095,0.031057653495639936,0.18988211429602075
C1,procedural_prose,controlled_nl,count_odd,parity_count,0.033744255125147116,0.02466515296529226,0.14841884773542224
C1,procedural_prose,controlled_nl,count_primes_up_to,primality,0.05130249648612517,0.045072158390066175,0.13626762745595722
C1,procedural_prose,controlled_nl,count_unique_words,word_count,-0.07465425238688339,-0.13664411681965394,-0.02844862444067575
C1,procedural_prose,controlled_nl,count_vowels,char_count,0.12809219602845046,0.14824770736634285,0.26133737150812425
C1,procedural_prose,controlled_nl,count_words,word_count,-0.06495902222461813,-0.12484666298215208,0.03138876672069535
C1,procedural_prose,controlled_nl,dedupe_first,deduplication,-0.09217651593225784,-0.1344822262763704,-0.0008763741983434103
C1,procedural_prose,controlled_nl,dedupe_last,deduplication,-0.062494476557479306,-0.10480196080792992,-0.03465947025669869
C1,procedural_prose,controlled_nl,digit_product,digit_aggregate,0.0644845943278507,0.05274871615722421,0.09911276490731602
C1,procedural_prose,controlled_nl,digit_sum,digit_aggregate,0.14324404780723077,0.14874877304335277,0.20631179675647254
C1,procedural_prose,controlled_nl,factorial_iterative,factorial_product,0.2347103918081923,0.25447066452630307,0.19530929836968725
C1,procedural_prose,controlled_nl,fibonacci_first_n,fibonacci,0.059441756055682804,0.03941653587174632,0.06975869870898765
C1,procedural_prose,controlled_nl,fibonacci_nth,fibonacci,0.20110706260271927,0.25500338679013856,0.18154536580686642
C1,procedural_prose,controlled_nl,filter_mapping_by_value,dictionary_transform,-0.04442859091425211,-0.10382035995055128,0.11597004731121563
C1,procedural_prose,controlled_nl,filter_negative,sign_filter,0.03544006177322068,0.017849964832798326,0.09272433297153737
C1,procedural_prose,controlled_nl,filter_nonnegative,sign_filter,0.037672763864901926,0.021860887327007528,0.1109022564072818
C1,procedural_prose,controlled_nl,first_even_index,first_match_index,0.09690138589874331,0.10232686201050512,0.22897574878226074
C1,procedural_prose,controlled_nl,first_negative_index,first_match_index,0.07167753972302182,0.07011169252477678,0.23133338543833543
C1,procedural_prose,controlled_nl,flatten_lists,flatten_one_level,-0.03671322349350625,-0.05476619034449215,0.057619357486910605
C1,procedural_prose,controlled_nl,flatten_pairs,flatten_one_level,0.028154121105737895,0.01200296983931537,0.08597712323731554
C1,procedural_prose,controlled_nl,frequency_map_chars,frequency_map,0.009646484966904012,-0.005330336106269873,0.16731960626422937
C1,procedural_prose,controlled_nl,frequency_map_items,frequency_map,-0.0065562835505320605,-0.04531611584716222,0.14313150954125942
C1,procedural_prose,controlled_nl,gcd_list,gcd_family,0.1387913847753418,0.15710327493168852,0.19808441636231622
C1,procedural_prose,controlled_nl,gcd_two,gcd_family,0.17948887558093185,0.20448911718554608,0.21116504750429987
C1,procedural_prose,controlled_nl,group_by_first_character,grouping,0.026154163514423345,0.002422584025218999,0.13552114042333152
C1,procedural_prose,controlled_nl,group_by_length,grouping,-0.005122970736971433,-0.03083167398670883,0.08986493842550214
C1,procedural_prose,controlled_nl,insertion_sort_ascending,insertion_sort,0.06982660967475407,0.08050747032485706,0.142512725898849
C1,procedural_prose,controlled_nl,insertion_sort_descending,insertion_sort,0.06884843399757706,0.07911546073504705,0.14121421258120126
C1,procedural_prose,controlled_nl,integer_to_binary,base_conversion,-0.0030965336851958014,-0.06631973997127782,0.12068117971100456
C1,procedural_prose,controlled_nl,invert_unique_map,dictionary_transform,-0.0015827313644006802,-0.04337978359638017,0.14753468524899616
C1,procedural_prose,controlled_nl,is_nondecreasing,monotonicity,0.12410699275156034,0.1620503665172467,0.19579091865684523
C1,procedural_prose,controlled_nl,is_prime,primality,0.053147329662524834,0.06480553963467545,0.13614724714305482
C1,procedural_prose,controlled_nl,is_strictly_increasing,monotonicity,0.12103139433146942,0.14766242672559804,0.17280899367127317
C1,procedural_prose,controlled_nl,is_subset,set_relation,0.0036043826789406985,-0.010755277831545396,0.1599691640533979
C1,procedural_prose,controlled_nl,keep_letters,string_filter,-0.14913232413563948,-0.1934838961686094,0.06352047729870569
C1,procedural_prose,controlled_nl,lcm_list,lcm_family,0.06628445300435681,0.06550516949547014,0.10698390329022
C1,procedural_prose,controlled_nl,lcm_two,lcm_family,0.07216720182912806,0.03827296396443791,0.08898180182029414
C1,procedural_prose,controlled_nl,least_frequent,mode_selection,-0.034600789449136804,-0.06844267170550755,0.02765326626217679
C1,procedural_prose,controlled_nl,linear_first_index,linear_search,0.1333039025345646,0.1423210540083416,0.3381128083522187
C1,procedural_prose,controlled_nl,linear_last_index,linear_search,0.0839890633247935,0.05408009255103985,0.22383116913155554
C1,procedural_prose,controlled_nl,list_divisors,divisors,0.04172152869800316,0.023486072701820238,0.14802459039085059
C1,procedural_prose,controlled_nl,list_palindrome,palindrome_test,-0.06781546524321391,-0.09828777859882376,-0.032325682720529714
C1,procedural_prose,controlled_nl,main_diagonal_sum,diagonal_aggregate,0.1193417694441955,0.12891741934271694,0.14059200689272888
C1,procedural_prose,controlled_nl,matrix_column_sums,matrix_aggregate,-0.07965329411774769,-0.14009715071710016,-0.06638992887006467
C1,procedural_prose,controlled_nl,matrix_contains,matrix_search,0.160504771157725,0.1827740031116596,0.23569290344820948
C1,procedural_prose,controlled_nl,matrix_find_position,matrix_search,0.17206174441329336,0.17081140046319876,0.22698577773353545
C1,procedural_prose,controlled_nl,matrix_row_sums,matrix_aggregate,-0.07385210141178378,-0.14105585164054346,-0.03965923921524506
C1,procedural_prose,controlled_nl,merge_sorted_ascending,merge_sorted,0.023882564283731422,0.020435493064042354,0.04066201973132888
C1,procedural_prose,controlled_nl,merge_sorted_descending,merge_sorted,0.032836400782110975,0.02796344950271734,0.05296297320130017
C1,procedural_prose,controlled_nl,minmax_normalize,bounded_numeric_transform,0.05811618572738342,0.06765231940175997,0.03214887714388759
C1,procedural_prose,controlled_nl,most_frequent,mode_selection,-0.001899715074200392,-0.03165668205805139,0.06987578130717076
C1,procedural_prose,controlled_nl,moving_average_three,sliding_window,-0.02355024994869237,-0.06251703868297454,-0.04438976506588155
C1,procedural_prose,controlled_nl,numeric_palindrome,numeric_reverse,0.11423386246963696,0.12381778552008005,0.2274345749626694
C1,procedural_prose,controlled_nl,ordered_intersection,ordered_intersection,-0.20866259775934315,-0.32908966784392046,-0.2020374721260625
C1,procedural_prose,controlled_nl,ordered_unique_intersection,ordered_intersection,-0.17816850312914634,-0.27317153390007964,-0.19305626988439517
C1,procedural_prose,controlled_nl,partition_by_sign,partition,-0.022890599840600157,-0.058792879013446875,0.041227575186545073
C1,procedural_prose,controlled_nl,partition_by_threshold,partition,0.02706840320090187,-0.004346968498791681,0.10879155600285961
C1,procedural_prose,controlled_nl,product_one_to_n,factorial_product,0.13404078917759144,0.13006797676058113,0.09571147164504212
C1,procedural_prose,controlled_nl,remove_digits,string_filter,-0.02689109261673983,-0.04804744749073475,0.16403329524745258
C1,procedural_prose,controlled_nl,reverse_integer,numeric_reverse,0.13384612131817014,0.1529575166717838,0.15364374016105076
C1,procedural_prose,controlled_nl,reverse_list,reverse_sequence,0.0051088591020214125,-0.014739009160285366,0.08902007189712902
C1,procedural_prose,controlled_nl,reverse_string,reverse_sequence,0.06366766177101013,0.053002295893224805,0.22613291960172
C1,procedural_prose,controlled_nl,rotate_left_one,rotation,0.024760537049627773,0.009882876820530573,0.03346147757378937
C1,procedural_prose,controlled_nl,rotate_matrix_clockwise,matrix_transform,0.05175305421343668,0.04582860228112551,0.07156848383534264
C1,procedural_prose,controlled_nl,rotate_right_one,rotation,-0.0017885601011545793,-0.042921049868196226,0.05826434974560801
C1,procedural_prose,controlled_nl,running_product,cumulative_scan,-0.09045030593663872,-0.14747233781818447,-0.14005865764589975
C1,procedural_prose,controlled_nl,running_sum,cumulative_scan,-0.0888669452432429,-0.13421524018743658,-0.07690432999063834
C1,procedural_prose,controlled_nl,scan_max,scan_extremum,0.12303252151327582,0.12650914265463487,0.2867402092666027
C1,procedural_prose,controlled_nl,scan_min,scan_extremum,0.1403900096587709,0.15315332379681112,0.2862541785602789
C1,procedural_prose,controlled_nl,selection_sort_ascending,selection_sort,0.06185006050410008,0.053492246530071896,0.08379166692346551
C1,procedural_prose,controlled_nl,selection_sort_descending,selection_sort,0.06706446400807942,0.05946953517656728,0.09847502549164677
C1,procedural_prose,controlled_nl,square_values,element_transform,0.08834780891522476,0.08872567997052327,0.10557177351412572
C1,procedural_prose,controlled_nl,string_palindrome,palindrome_test,-0.07339240275399461,-0.09541122605887509,-0.03193549591834621
C1,procedural_prose,controlled_nl,sum_negative,sign_sum,0.035415212502436844,0.022804757185989177,0.14595798297289986
C1,procedural_prose,controlled_nl,sum_positive,sign_sum,0.06710023499850148,0.06536290579595871,0.1783813102657853
C1,procedural_prose,controlled_nl,transpose_matrix,matrix_transform,0.0977727571158854,0.08841154656488204,0.11943489622134107
C1,procedural_prose,controlled_nl,window_sum_three,sliding_window,-0.012406814036444835,-0.04796469871776321,-0.04241476311884984
C2,controlled_nl,pseudocode,absolute_values,element_transform,0.034931013111332954,0.07045578460064061,0.008162559040485906
C2,controlled_nl,pseudocode,adjacent_differences,adjacent_transform,0.07572076716994025,0.1167535821777691,0.07461134639899392
C2,controlled_nl,pseudocode,adjacent_sums,adjacent_transform,0.0559982326553049,0.08658290663035595,0.05615171461622359
C2,controlled_nl,pseudocode,anti_diagonal_sum,diagonal_aggregate,0.07084159106781429,0.09379164435501275,-0.03693833544550873
C2,controlled_nl,pseudocode,are_disjoint,set_relation,-0.036523034187052716,-0.00320768646988423,-0.07434446328039668
C2,controlled_nl,pseudocode,binary_search_exact,binary_search,0.00547547170515017,-3.0337660456902782e-05,-0.005642925422324696
C2,controlled_nl,pseudocode,binary_search_insertion,binary_search,0.016115115023567772,0.011069289120047565,0.0373705078463219
C2,controlled_nl,pseudocode,binary_to_integer,base_conversion,-0.013551781892488401,-0.005744986697497567,-0.020310412468698358
C2,controlled_nl,pseudocode,bubble_sort_ascending,bubble_sort,0.049358688387348804,0.07749226746185706,0.03864878780368319
C2,controlled_nl,pseudocode,bubble_sort_descending,bubble_sort,0.05037343964511559,0.07827187749325837,0.03722662786084907
C2,controlled_nl,pseudocode,chunks_fixed_size,chunking,0.060340743071724545,0.1202847706081076,0.0009625331486923239
C2,controlled_nl,pseudocode,chunks_pairs,chunking,0.07874810756555084,0.12164620477565435,0.050304450855891414
C2,controlled_nl,pseudocode,clamp_values,bounded_numeric_transform,0.03541126285746976,0.04212383151870813,-0.0069320373456618345
C2,controlled_nl,pseudocode,contains_target,membership_test,0.017010572378351463,0.04231332260870224,-0.02504778362135529
C2,controlled_nl,pseudocode,contains_zero,membership_test,0.0742458424100817,0.09541925138555607,0.020449575393020503
C2,controlled_nl,pseudocode,count_above,threshold_count,0.059259429403155095,0.07947304666165433,0.03412374454754086
C2,controlled_nl,pseudocode,count_below,threshold_count,0.059485619060045125,0.08257544093885372,0.03806606644794941
C2,controlled_nl,pseudocode,count_character,char_count,-0.008016769900835441,-0.006495438432369438,0.006745134918310303
C2,controlled_nl,pseudocode,count_digits,digit_count,0.10701267938157344,0.14771539246133114,0.11534981649806514
C2,controlled_nl,pseudocode,count_divisors,divisors,0.06492982655380919,0.08318994773503041,0.12415971895561811
C2,controlled_nl,pseudocode,count_equal_neighbors,adjacent_analysis,0.05466894526412536,0.0705173118745992,0.06224717109670608
C2,controlled_nl,pseudocode,count_even,parity_count,0.07166657997756354,0.0856460229967344,0.06777349637463614
C2,controlled_nl,pseudocode,count_even_digits,digit_count,0.009615959919632322,0.01243038047528422,0.04979309281023103
C2,controlled_nl,pseudocode,count_increases,adjacent_analysis,0.05265595708782567,0.06849952855379582,0.04601369401305555
C2,controlled_nl,pseudocode,count_odd,parity_count,0.04008241259864853,0.048789848854515316,0.0504091630161283
C2,controlled_nl,pseudocode,count_primes_up_to,primality,0.02952030801619454,0.035377613177014655,0.04139995846157635
C2,controlled_nl,pseudocode,count_unique_words,word_count,0.04433309806429275,0.0783179112896637,-0.058061303283893584
C2,controlled_nl,pseudocode,count_vowels,char_count,-0.01966413170687875,-0.01941917295550144,0.0027718238608026025
C2,controlled_nl,pseudocode,count_words,word_count,0.13065387834804787,0.19435999036217344,0.07121538631531799
C2,controlled_nl,pseudocode,dedupe_first,deduplication,0.11826689614732266,0.17943060016236656,0.07985754122854305
C2,controlled_nl,pseudocode,dedupe_last,deduplication,0.13091530772666105,0.20679378779614577,0.146221652533419
C2,controlled_nl,pseudocode,digit_product,digit_aggregate,0.04389469773352428,0.05091646210813816,0.07035892984414088
C2,controlled_nl,pseudocode,digit_sum,digit_aggregate,-0.0005591179124553314,0.001063484994453856,0.01768988510096936
C2,controlled_nl,pseudocode,factorial_iterative,factorial_product,0.04064959620244313,0.04354331199984285,0.13628964443234187
C2,controlled_nl,pseudocode,fibonacci_first_n,fibonacci,0.05990717894433295,0.07575730843421813,-0.1107977848300642
C2,controlled_nl,pseudocode,fibonacci_nth,fibonacci,0.01100420519623746,-0.000356767276449399,0.031962407406333826
C2,controlled_nl,pseudocode,filter_mapping_by_value,dictionary_transform,0.013731608769078973,0.04737037006154632,-0.03397292073075975
C2,controlled_nl,pseudocode,filter_negative,sign_filter,0.10756847857576934,0.15094547403008418,0.07189591624695124
C2,controlled_nl,pseudocode,filter_nonnegative,sign_filter,0.07626773610466064,0.10939155779035514,0.0577759416624517
C2,controlled_nl,pseudocode,first_even_index,first_match_index,-0.020832528570124964,-0.01369268694424286,-0.09577193308588766
C2,controlled_nl,pseudocode,first_negative_index,first_match_index,0.010308634229040825,0.030015953095939962,-0.07348305345249406
C2,controlled_nl,pseudocode,flatten_lists,flatten_one_level,-0.010987260690471401,-0.004076300435720492,-0.06580256389408656
C2,controlled_nl,pseudocode,flatten_pairs,flatten_one_level,0.06704415837039301,0.09599758909007117,0.0070490384212807955
C2,controlled_nl,pseudocode,frequency_map_chars,frequency_map,0.10759752555525148,0.1289132227863412,0.09961733446479137
C2,controlled_nl,pseudocode,frequency_map_items,frequency_map,0.09946042942158828,0.1263221730895655,0.0336235346686663
C2,controlled_nl,pseudocode,gcd_list,gcd_family,-0.1004639811395831,-0.12253029062458387,-0.11020206966676394
C2,controlled_nl,pseudocode,gcd_two,gcd_family,0.02329170841871364,0.03275132406381531,0.03013207196793366
C2,controlled_nl,pseudocode,group_by_first_character,grouping,-0.011670690515793058,-0.007810210668008244,-0.055470848088063685
C2,controlled_nl,pseudocode,group_by_length,grouping,0.049078175745305486,0.06404665655104946,0.01733794787947307
C2,controlled_nl,pseudocode,insertion_sort_ascending,insertion_sort,0.0222765057530962,0.037322627012892406,0.025798235448299067
C2,controlled_nl,pseudocode,insertion_sort_descending,insertion_sort,0.027019817261785817,0.04219940752325402,0.03632542842035652
C2,controlled_nl,pseudocode,integer_to_binary,base_conversion,0.10143495849233608,0.15045712454244398,0.10605852869157517
C2,controlled_nl,pseudocode,invert_unique_map,dictionary_transform,-0.002042881929830709,0.017865995618982833,-0.012040120098310458
C2,controlled_nl,pseudocode,is_nondecreasing,monotonicity,0.026508533870921336,0.04834137082305545,-0.032847315858963666
C2,controlled_nl,pseudocode,is_prime,primality,0.060500490727584455,0.07000444666750755,0.10345826078046527
C2,controlled_nl,pseudocode,is_strictly_increasing,monotonicity,0.062447777149884254,0.08627686135163559,-0.011251878009522709
C2,controlled_nl,pseudocode,is_subset,set_relation,-0.05007892262176494,-0.03394134655289571,-0.08725147822547052
C2,controlled_nl,pseudocode,keep_letters,string_filter,0.11795093414125446,0.14359763633696387,0.08834545672100191
C2,controlled_nl,pseudocode,lcm_list,lcm_family,-0.04721149739876118,-0.05995535259092888,-0.08801303838938446
C2,controlled_nl,pseudocode,lcm_two,lcm_family,-0.03803104966503512,-0.03821924101218355,-0.137854034671145
C2,controlled_nl,pseudocode,least_frequent,mode_selection,-0.00529817593396642,0.018772797897803728,-0.08221468585231939
C2,controlled_nl,pseudocode,linear_first_index,linear_search,-0.10422733676187956,-0.09466321744753559,-0.15691632447322323
C2,controlled_nl,pseudocode,linear_last_index,linear_search,-0.037256774480464716,-0.016790274835175145,0.046671865931091405
C2,controlled_nl,pseudocode,list_divisors,divisors,0.018276765880868795,0.027405607769960705,-0.05697788100968004
C2,controlled_nl,pseudocode,list_palindrome,palindrome_test,0.015522399643534412,0.01246978752864758,0.04623942388664959
C2,controlled_nl,pseudocode,main_diagonal_sum,diagonal_aggregate,0.13667923818872885,0.17024539742425027,0.0952787328181871
C2,controlled_nl,pseudocode,matrix_column_sums,matrix_aggregate,0.11346222321401034,0.16486331671167997,0.04092009414570419
C2,controlled_nl,pseudocode,matrix_contains,matrix_search,-0.11701751703907193,-0.1126634026028589,-0.14202839206283402
C2,controlled_nl,pseudocode,matrix_find_position,matrix_search,-0.03660485689106385,-0.015105179536432534,-0.10839639467728801
C2,controlled_nl,pseudocode,matrix_row_sums,matrix_aggregate,0.09167645555274784,0.1397347574183052,0.03655253345075926
C2,controlled_nl,pseudocode,merge_sorted_ascending,merge_sorted,0.06469838946889395,0.08096892716685361,0.10654356520740521
C2,controlled_nl,pseudocode,merge_sorted_descending,merge_sorted,0.06889368467993356,0.08654475584814114,0.11069193316797199
C2,controlled_nl,pseudocode,minmax_normalize,bounded_numeric_transform,0.004846036765718376,0.01624178001443377,-0.1619877060996905
C2,controlled_nl,pseudocode,most_frequent,mode_selection,-0.01067284186343087,0.009923031783443115,-0.10966332435376391
C2,controlled_nl,pseudocode,moving_average_three,sliding_window,0.06397402595540269,0.08811043490947712,0.026172840103873773
C2,controlled_nl,pseudocode,numeric_palindrome,numeric_reverse,0.012895819408759945,0.01401650090505313,0.016780333615793896
C2,controlled_nl,pseudocode,ordered_intersection,ordered_intersection,0.0711636592198035,0.11413377147826842,0.013165926048917198
C2,controlled_nl,pseudocode,ordered_unique_intersection,ordered_intersection,0.10930118582629833,0.15278217595806476,0.013413238170059683
C2,controlled_nl,pseudocode,partition_by_sign,partition,0.06298580317176283,0.0919297046149875,-0.022366309152518915
C2,controlled_nl,pseudocode,partition_by_threshold,partition,-0.022542241759395454,-0.027634395039575654,-0.17028896449121733
C2,controlled_nl,pseudocode,product_one_to_n,factorial_product,0.05429932052884345,0.06601675235432147,0.1585903636816453
C2,controlled_nl,pseudocode,remove_digits,string_filter,0.07994752108369407,0.1040017937122808,0.04705236518014588
C2,controlled_nl,pseudocode,reverse_integer,numeric_reverse,0.01327230322149242,0.0263438259790838,0.06010910020784155
C2,controlled_nl,pseudocode,reverse_list,reverse_sequence,0.12118557714349965,0.16171842983103535,0.08994456654927019
C2,controlled_nl,pseudocode,reverse_string,reverse_sequence,0.13819913303730458,0.18453862475957916,0.08238939526059708
C2,controlled_nl,pseudocode,rotate_left_one,rotation,0.05525283985040497,0.09127089894812468,0.02403651403752094
C2,controlled_nl,pseudocode,rotate_matrix_clockwise,matrix_transform,0.032101913058516285,0.04420270230735379,-0.0261161104636648
C2,controlled_nl,pseudocode,rotate_right_one,rotation,0.10309316039749805,0.17568407112899098,0.11541718311768301
C2,controlled_nl,pseudocode,running_product,cumulative_scan,0.12666506121907373,0.17690297880610728,0.12814239953847062
C2,controlled_nl,pseudocode,running_sum,cumulative_scan,0.1595043185953946,0.20831431089548025,0.09523083411521815
C2,controlled_nl,pseudocode,scan_max,scan_extremum,-0.023361108078344905,-0.018332617536391482,-0.044702993294703064
C2,controlled_nl,pseudocode,scan_min,scan_extremum,-0.040488397011526844,-0.03642004618924488,-0.041958262836946036
C2,controlled_nl,pseudocode,selection_sort_ascending,selection_sort,0.015654870145042687,0.04104875226276572,0.03380427241613715
C2,controlled_nl,pseudocode,selection_sort_descending,selection_sort,0.023183801116946068,0.049985869739619715,0.024386720006419282
C2,controlled_nl,pseudocode,square_values,element_transform,0.03998148662575585,0.07429656866236534,0.019208740924821388
C2,controlled_nl,pseudocode,string_palindrome,palindrome_test,-0.013884622489760745,-0.03127656788499533,0.012423946345675785
C2,controlled_nl,pseudocode,sum_negative,sign_sum,0.14752688584711493,0.17674541163696678,0.17646461547968595
C2,controlled_nl,pseudocode,sum_positive,sign_sum,0.12960904654095012,0.15267354951697176,0.15692184706902718
C2,controlled_nl,pseudocode,transpose_matrix,matrix_transform,0.03797385185284807,0.06644981507778058,-0.04177821374764101
C2,controlled_nl,pseudocode,window_sum_three,sliding_window,0.1068626135712174,0.13761605000515476,0.055854588113735004
C3,pseudocode,python_canonical,absolute_values,element_transform,0.4206582615717726,0.4965097199327476,0.1665851436461605
C3,pseudocode,python_canonical,adjacent_differences,adjacent_transform,0.2352519744266906,0.2867909445708429,-0.04117708208118398
C3,pseudocode,python_canonical,adjacent_sums,adjacent_transform,0.3251458658567128,0.38910403303635244,0.07490023097904808
C3,pseudocode,python_canonical,anti_diagonal_sum,diagonal_aggregate,0.2477892003226238,0.294524757149421,0.22634673736046584
C3,pseudocode,python_canonical,are_disjoint,set_relation,0.3800876399345269,0.4568878671281227,0.27748527024199965
C3,pseudocode,python_canonical,binary_search_exact,binary_search,0.19370425648498324,0.2575585725778519,0.09952552702600342
C3,pseudocode,python_canonical,binary_search_insertion,binary_search,0.1825500381068344,0.2536661408322705,0.1061262760140173
C3,pseudocode,python_canonical,binary_to_integer,base_conversion,0.287317400309028,0.3483291827962551,0.16551034616395133
C3,pseudocode,python_canonical,bubble_sort_ascending,bubble_sort,0.21048761408368896,0.24462000300752168,0.21248511173061985
C3,pseudocode,python_canonical,bubble_sort_descending,bubble_sort,0.2021590577391054,0.23623832114775603,0.22396740693992556
C3,pseudocode,python_canonical,chunks_fixed_size,chunking,0.34368397777982546,0.427802429092074,0.08982698039919201
C3,pseudocode,python_canonical,chunks_pairs,chunking,0.27892580580508114,0.3417546734772793,0.003076426659762377
C3,pseudocode,python_canonical,clamp_values,bounded_numeric_transform,0.26818154503843256,0.35648869299047814,0.16912075497944823
C3,pseudocode,python_canonical,contains_target,membership_test,0.3236064970743125,0.3645534567797667,0.13596025729110278
C3,pseudocode,python_canonical,contains_zero,membership_test,0.2837295139450785,0.3187718278231427,0.08023304530522885
C3,pseudocode,python_canonical,count_above,threshold_count,0.28948832183482004,0.3591835086863587,0.16402205501324024
C3,pseudocode,python_canonical,count_below,threshold_count,0.27354775473775816,0.3396126349394922,0.13257936371925128
C3,pseudocode,python_canonical,count_character,char_count,0.3550968880617515,0.4383105437436347,0.23412443269769634
C3,pseudocode,python_canonical,count_digits,digit_count,0.1805027338176855,0.22234466324967078,-0.0013366576928438012
C3,pseudocode,python_canonical,count_divisors,divisors,0.23358664617529018,0.26580460462875094,0.07079820113198487
C3,pseudocode,python_canonical,count_equal_neighbors,adjacent_analysis,0.27385574062550055,0.3166687543695839,0.19352968615973137
C3,pseudocode,python_canonical,count_even,parity_count,0.2309703279824522,0.2768690213533111,0.07739959700541449
C3,pseudocode,python_canonical,count_even_digits,digit_count,0.19833233894651903,0.23940993315080739,0.05778993195901028
C3,pseudocode,python_canonical,count_increases,adjacent_analysis,0.2653419839725641,0.307311911312892,0.18219538674815594
C3,pseudocode,python_canonical,count_odd,parity_count,0.23960261076227568,0.2867940225806513,0.07032090886615255
C3,pseudocode,python_canonical,count_primes_up_to,primality,0.11787013716694572,0.13455813603006578,0.03301237373261667
C3,pseudocode,python_canonical,count_unique_words,word_count,0.37237507164436456,0.4943449195597972,0.2203635417379528
C3,pseudocode,python_canonical,count_vowels,char_count,0.26343089227863264,0.30901948237686827,0.17265232659833102
C3,pseudocode,python_canonical,count_words,word_count,0.39403752408993775,0.49287964451997096,0.15128307356391346
C3,pseudocode,python_canonical,dedupe_first,deduplication,0.3380093259001091,0.39321176447377265,0.10425774291747192
C3,pseudocode,python_canonical,dedupe_last,deduplication,0.3218726541106965,0.3777473316912519,0.04124698673356042
C3,pseudocode,python_canonical,digit_product,digit_aggregate,0.24163674269268015,0.3037006639672607,0.055085603310490006
C3,pseudocode,python_canonical,digit_sum,digit_aggregate,0.19692975602819213,0.24705399676445916,0.02302013075313719
C3,pseudocode,python_canonical,factorial_iterative,factorial_product,0.24257213585163534,0.28288447568395325,0.12715822795936316
C3,pseudocode,python_canonical,fibonacci_first_n,fibonacci,0.15929977872591694,0.19247076177963346,0.1068968724066307
C3,pseudocode,python_canonical,fibonacci_nth,fibonacci,0.20136994971375372,0.2570285251069305,0.08204025473355103
C3,pseudocode,python_canonical,filter_mapping_by_value,dictionary_transform,0.3747957389199689,0.4606899162309947,0.17965242200274367
C3,pseudocode,python_canonical,filter_negative,sign_filter,0.2777070011463621,0.3213216446253539,0.0954070302258413
C3,pseudocode,python_canonical,filter_nonnegative,sign_filter,0.29039681591536015,0.34479276562602695,0.13959485991941667
C3,pseudocode,python_canonical,first_even_index,first_match_index,0.31942101901132186,0.37763806953650175,0.17718931288044482
C3,pseudocode,python_canonical,first_negative_index,first_match_index,0.32807014668429246,0.38322543871902376,0.2054322962927732
C3,pseudocode,python_canonical,flatten_lists,flatten_one_level,0.34919583735775134,0.4222716498454184,0.08038461032488609
C3,pseudocode,python_canonical,flatten_pairs,flatten_one_level,0.22189758135612664,0.2667998315909888,0.018671362421614712
C3,pseudocode,python_canonical,frequency_map_chars,frequency_map,0.2134692152481948,0.25684148261931244,-0.030893092328158955
C3,pseudocode,python_canonical,frequency_map_items,frequency_map,0.23930382315443727,0.2947815799356291,0.014111684016532733
C3,pseudocode,python_canonical,gcd_list,gcd_family,0.3266113166385509,0.4072704366745123,0.21012389042213936
C3,pseudocode,python_canonical,gcd_two,gcd_family,0.2216427285482318,0.29201883863382727,0.03596415488684912
C3,pseudocode,python_canonical,group_by_first_character,grouping,0.3994966774944058,0.49943121590274836,0.16240508849842716
C3,pseudocode,python_canonical,group_by_length,grouping,0.3830436275315276,0.47611777655364335,0.15902212906042668
C3,pseudocode,python_canonical,insertion_sort_ascending,insertion_sort,0.20620161593756067,0.2424543243904461,0.1596743656392408
C3,pseudocode,python_canonical,insertion_sort_descending,insertion_sort,0.21434688725004472,0.25229198195312286,0.17801099961870742
C3,pseudocode,python_canonical,integer_to_binary,base_conversion,0.31319148949058384,0.39743684848780625,0.13605640946338227
C3,pseudocode,python_canonical,invert_unique_map,dictionary_transform,0.34583476372876987,0.44465592608111254,-0.012155831554656937
C3,pseudocode,python_canonical,is_nondecreasing,monotonicity,0.2512524854126992,0.26885532678141033,0.2199081987341882
C3,pseudocode,python_canonical,is_prime,primality,0.19414061649494116,0.21789533743277778,0.1569982285138009
C3,pseudocode,python_canonical,is_strictly_increasing,monotonicity,0.22759866667953396,0.24222724553922084,0.22664456519245368
C3,pseudocode,python_canonical,is_subset,set_relation,0.36927098842704464,0.4471833820500446,0.17876901103933862
C3,pseudocode,python_canonical,keep_letters,string_filter,0.345357767270614,0.42349388098617496,0.07646260255419213
C3,pseudocode,python_canonical,lcm_list,lcm_family,0.32225454798734426,0.4183016226693009,0.2593837664159724
C3,pseudocode,python_canonical,lcm_two,lcm_family,0.27693413456009197,0.3932730707846501,0.10766539973569544
C3,pseudocode,python_canonical,least_frequent,mode_selection,0.2983325230521695,0.40251832129117454,0.07625210441701336
C3,pseudocode,python_canonical,linear_first_index,linear_search,0.4347312262783995,0.5270358423718601,0.34616123902870133
C3,pseudocode,python_canonical,linear_last_index,linear_search,0.34050729926065004,0.43051747921102523,0.12420499051446365
C3,pseudocode,python_canonical,list_divisors,divisors,0.35362746549617796,0.4024956417046791,0.25396080766612794
C3,pseudocode,python_canonical,list_palindrome,palindrome_test,0.22135696636931262,0.2835473645776409,0.1119793077392297
C3,pseudocode,python_canonical,main_diagonal_sum,diagonal_aggregate,0.20367296453350014,0.24347857767558295,0.09836915679493202
C3,pseudocode,python_canonical,matrix_column_sums,matrix_aggregate,0.24573212607538863,0.29309853396121816,0.029117857851832962
C3,pseudocode,python_canonical,matrix_contains,matrix_search,0.30765746610840605,0.3531310295903832,0.2229718678750538
C3,pseudocode,python_canonical,matrix_find_position,matrix_search,0.2190822983935498,0.28009311882036236,0.12506109433527812
C3,pseudocode,python_canonical,matrix_row_sums,matrix_aggregate,0.2630262579132011,0.31909470814826374,0.1473462534062593
C3,pseudocode,python_canonical,merge_sorted_ascending,merge_sorted,0.14461961361395356,0.18095812937742986,0.09027622949828634
C3,pseudocode,python_canonical,merge_sorted_descending,merge_sorted,0.1458011814599703,0.18506622011201312,0.089426218030973
C3,pseudocode,python_canonical,minmax_normalize,bounded_numeric_transform,0.22981701597462856,0.3047059833771133,0.15969412114287018
C3,pseudocode,python_canonical,most_frequent,mode_selection,0.27583513500579687,0.37069831676804715,0.03894014788127953
C3,pseudocode,python_canonical,moving_average_three,sliding_window,0.2869227421009432,0.35580627665851045,0.10046779010654694
C3,pseudocode,python_canonical,numeric_palindrome,numeric_reverse,0.16245945259186112,0.20928387756017336,0.019516478941489113
C3,pseudocode,python_canonical,ordered_intersection,ordered_intersection,0.34181568900821724,0.43390370269092593,0.10741129166153418
C3,pseudocode,python_canonical,ordered_unique_intersection,ordered_intersection,0.2801604490754954,0.3583309404916367,0.05894748041410569
C3,pseudocode,python_canonical,partition_by_sign,partition,0.23651203730752673,0.305940897504856,0.08646992842413015
C3,pseudocode,python_canonical,partition_by_threshold,partition,0.30412243052474425,0.3895341701714455,0.23163898306040887
C3,pseudocode,python_canonical,product_one_to_n,factorial_product,0.2195572198122771,0.25167547651298894,0.06682859139759018
C3,pseudocode,python_canonical,remove_digits,string_filter,0.32739308872270567,0.38423126541549363,0.13896889636614618
C3,pseudocode,python_canonical,reverse_integer,numeric_reverse,0.13862866021639225,0.1653926949994578,-0.06406809487982523
C3,pseudocode,python_canonical,reverse_list,reverse_sequence,0.33580393928497987,0.3952636105537918,0.23113922270559767
C3,pseudocode,python_canonical,reverse_string,reverse_sequence,0.2702471845148632,0.315546043855721,0.15149032562368558
C3,pseudocode,python_canonical,rotate_left_one,rotation,0.34837292760795974,0.42833945742782414,0.1111393286287562
C3,pseudocode,python_canonical,rotate_matrix_clockwise,matrix_transform,0.24898874864459503,0.31318407593671166,0.11616198491202623
C3,pseudocode,python_canonical,rotate_right_one,rotation,0.3899289871418016,0.48965784281707225,0.2162591126715645
C3,pseudocode,python_canonical,running_product,cumulative_scan,0.37260633459552445,0.47685679357911964,0.24040742884394672
C3,pseudocode,python_canonical,running_sum,cumulative_scan,0.34883997068249767,0.44079584431287977,0.22865102414803085
C3,pseudocode,python_canonical,scan_max,scan_extremum,0.36159142506367054,0.43076503089299284,0.14161653425673854
C3,pseudocode,python_canonical,scan_min,scan_extremum,0.34602742913217893,0.40812648881207386,0.13018555962372813
C3,pseudocode,python_canonical,selection_sort_ascending,selection_sort,0.22560425053108388,0.2686230702864894,0.19542179259334896
C3,pseudocode,python_canonical,selection_sort_descending,selection_sort,0.22995843988394848,0.27532005518928254,0.2093793828275778
C3,pseudocode,python_canonical,square_values,element_transform,0.3750903389672562,0.44164731979221555,0.11402114918956707
C3,pseudocode,python_canonical,string_palindrome,palindrome_test,0.24026269954923923,0.30664009925898233,0.1451672546880376
C3,pseudocode,python_canonical,sum_negative,sign_sum,0.18535828472744525,0.22658128097159985,0.03800517876415044
C3,pseudocode,python_canonical,sum_positive,sign_sum,0.18578490501111483,0.2233850504412987,0.05462499074865401
C3,pseudocode,python_canonical,transpose_matrix,matrix_transform,0.25451307411313934,0.3041111145694079,0.010067834398747477
C3,pseudocode,python_canonical,window_sum_three,sliding_window,0.296834415496336,0.3709978275920617,0.10715918277101422
C4,python_opaque,python_canonical,absolute_values,element_transform,0.32470043131892773,0.608606276525289,0.3013824732402606
C4,python_opaque,python_canonical,adjacent_differences,adjacent_transform,0.1774701984490728,0.3826547985187611,0.24136516061317492
C4,python_opaque,python_canonical,adjacent_sums,adjacent_transform,0.1722800748912462,0.35335083556777536,0.2249181884399697
C4,python_opaque,python_canonical,anti_diagonal_sum,diagonal_aggregate,0.22133881747624945,0.45156671005909726,0.2701789631150997
C4,python_opaque,python_canonical,are_disjoint,set_relation,0.28982359947707115,0.631607674183926,0.17386589539696118
C4,python_opaque,python_canonical,binary_search_exact,binary_search,0.04613314265828444,0.17263577211502118,0.05309860817832357
C4,python_opaque,python_canonical,binary_search_insertion,binary_search,0.06485194140190298,0.2209776980331813,0.07530270682733892
C4,python_opaque,python_canonical,binary_to_integer,base_conversion,0.35469519087740814,0.6803699743797649,0.39389383691448887
C4,python_opaque,python_canonical,bubble_sort_ascending,bubble_sort,0.09375726088494848,0.21196920671133274,0.14229016917197607
C4,python_opaque,python_canonical,bubble_sort_descending,bubble_sort,0.09356885844582705,0.21064994507390875,0.16064578471107294
C4,python_opaque,python_canonical,chunks_fixed_size,chunking,0.161384691101439,0.38702536544360666,0.07045174044467872
C4,python_opaque,python_canonical,chunks_pairs,chunking,0.17152196935227143,0.3680217423008495,0.15446147289194778
C4,python_opaque,python_canonical,clamp_values,bounded_numeric_transform,0.13777372800536136,0.35175205824542377,0.01715205098957817
C4,python_opaque,python_canonical,contains_target,membership_test,0.39160179282752944,0.712612442831908,0.23242657311838472
C4,python_opaque,python_canonical,contains_zero,membership_test,0.36045689905991696,0.6108006971734716,0.25047843565750444
C4,python_opaque,python_canonical,count_above,threshold_count,0.26990599460189807,0.5691649530976584,0.23797995429086377
C4,python_opaque,python_canonical,count_below,threshold_count,0.25673125313436274,0.5581459007669722,0.20064229114153687
C4,python_opaque,python_canonical,count_character,char_count,0.36666037798160384,0.7137481683691145,0.3928786798643117
C4,python_opaque,python_canonical,count_digits,digit_count,0.24055891309347482,0.4529315384624321,0.23494461249416032
C4,python_opaque,python_canonical,count_divisors,divisors,0.27673894128058946,0.5060252389658582,0.3357977300128932
C4,python_opaque,python_canonical,count_equal_neighbors,adjacent_analysis,0.18240547831218706,0.3700146245159574,0.313132222380801
C4,python_opaque,python_canonical,count_even,parity_count,0.30432891243794147,0.5716765321091601,0.3152244348571844
C4,python_opaque,python_canonical,count_even_digits,digit_count,0.24253983751239688,0.44336086827420274,0.2698055998148748
C4,python_opaque,python_canonical,count_increases,adjacent_analysis,0.158911287374374,0.33104341006232435,0.2703925628805405
C4,python_opaque,python_canonical,count_odd,parity_count,0.29268708790167935,0.5563294380922872,0.30191417246189506
C4,python_opaque,python_canonical,count_primes_up_to,primality,0.15337219253461348,0.31735752703198894,0.2159652294149465
C4,python_opaque,python_canonical,count_unique_words,word_count,0.4041265571308643,0.8550370191529614,0.3223851954841054
C4,python_opaque,python_canonical,count_vowels,char_count,0.37811271599929513,0.6900117172869935,0.45042915441249703
C4,python_opaque,python_canonical,count_words,word_count,0.5066072131470235,0.9958958260988171,0.3772849203650065
C4,python_opaque,python_canonical,dedupe_first,deduplication,0.20892796272618985,0.4223965611082429,0.16290637698137878
C4,python_opaque,python_canonical,dedupe_last,deduplication,0.13534698911809467,0.3107077337266188,0.008327074331126116
C4,python_opaque,python_canonical,digit_product,digit_aggregate,0.2254539256677351,0.4284294910479972,0.2398478404843748
C4,python_opaque,python_canonical,digit_sum,digit_aggregate,0.20262401464163832,0.391203049089904,0.17442267021632263
C4,python_opaque,python_canonical,factorial_iterative,factorial_product,0.358581998688749,0.643953915179405,0.4532586927244447
C4,python_opaque,python_canonical,fibonacci_first_n,fibonacci,0.2231369844881027,0.5131997832955435,0.35764365579544344
C4,python_opaque,python_canonical,fibonacci_nth,fibonacci,0.22073237878052993,0.5333661645383342,0.33397895874783246
C4,python_opaque,python_canonical,filter_mapping_by_value,dictionary_transform,0.23899357809766225,0.5126710303494173,0.21039025744502649
C4,python_opaque,python_canonical,filter_negative,sign_filter,0.26999344009127274,0.5003226013480364,0.2802652293574408
C4,python_opaque,python_canonical,filter_nonnegative,sign_filter,0.1653930585163943,0.37054067909586913,0.23659079955031048
C4,python_opaque,python_canonical,first_even_index,first_match_index,0.36375011748525493,0.6533554439617015,0.272379460806648
C4,python_opaque,python_canonical,first_negative_index,first_match_index,0.44076666785083995,0.771386108126251,0.3236000080514351
C4,python_opaque,python_canonical,flatten_lists,flatten_one_level,0.2997118981669659,0.6144491996476069,0.21505720061228073
C4,python_opaque,python_canonical,flatten_pairs,flatten_one_level,0.2351162761982723,0.4601607575119286,0.21683318448869804
C4,python_opaque,python_canonical,frequency_map_chars,frequency_map,0.15920658625235606,0.33792176707542493,0.13895039471616477
C4,python_opaque,python_canonical,frequency_map_items,frequency_map,0.15370682068379926,0.3289780937835885,0.12817352772184643
C4,python_opaque,python_canonical,gcd_list,gcd_family,0.2022790018362518,0.41939733968339193,0.26509063352494516
C4,python_opaque,python_canonical,gcd_two,gcd_family,0.09425910857720937,0.2536367035761966,0.018644793471600973
C4,python_opaque,python_canonical,group_by_first_character,grouping,0.20039728754973107,0.443173610808314,0.15336722774672618
C4,python_opaque,python_canonical,group_by_length,grouping,0.19900543383547753,0.41501545462251194,0.16028141577062505
C4,python_opaque,python_canonical,insertion_sort_ascending,insertion_sort,0.11430300295585513,0.23685215723833739,0.17059355395715453
C4,python_opaque,python_canonical,insertion_sort_descending,insertion_sort,0.12273835826808979,0.24425231950426612,0.18392700432308456
C4,python_opaque,python_canonical,integer_to_binary,base_conversion,0.14982340791425414,0.32242923640966226,0.1176735930183771
C4,python_opaque,python_canonical,invert_unique_map,dictionary_transform,0.2748763044427459,0.6121598170943938,0.1622913331525414
C4,python_opaque,python_canonical,is_nondecreasing,monotonicity,0.20585589108601512,0.3685545269509176,0.2983848207625619
C4,python_opaque,python_canonical,is_prime,primality,0.20034215236169237,0.3435997479803735,0.25233505290298636
C4,python_opaque,python_canonical,is_strictly_increasing,monotonicity,0.25483334522639434,0.42009446030488107,0.3614376886413482
C4,python_opaque,python_canonical,is_subset,set_relation,0.26948740064855703,0.5916001380155482,0.10004729687359126
C4,python_opaque,python_canonical,keep_letters,string_filter,0.2658894285487054,0.5455108927917278,0.19068924973395973
C4,python_opaque,python_canonical,lcm_list,lcm_family,0.10983908367377643,0.29016702935178523,0.1324045365239358
C4,python_opaque,python_canonical,lcm_two,lcm_family,0.05485733147836269,0.3037784629066631,-0.10561683209279293
C4,python_opaque,python_canonical,least_frequent,mode_selection,0.06517207290846533,0.2424557184710719,-0.054618199685326885
C4,python_opaque,python_canonical,linear_first_index,linear_search,0.27035735657243515,0.5817492406601016,0.183901714831481
C4,python_opaque,python_canonical,linear_last_index,linear_search,0.15592064360402913,0.45799924219149146,0.15106251462134213
C4,python_opaque,python_canonical,list_divisors,divisors,0.27353319627231243,0.49955334098562154,0.4108987764068748
C4,python_opaque,python_canonical,list_palindrome,palindrome_test,0.1432740051216035,0.3125444617809749,0.14275623620770672
C4,python_opaque,python_canonical,main_diagonal_sum,diagonal_aggregate,0.1857954647063449,0.3760204147331216,0.29047947993621676
C4,python_opaque,python_canonical,matrix_column_sums,matrix_aggregate,0.18100034812655763,0.39617088107430715,0.13459893908674103
C4,python_opaque,python_canonical,matrix_contains,matrix_search,0.27510393765053176,0.5309677391267855,0.17255809931009053
C4,python_opaque,python_canonical,matrix_find_position,matrix_search,0.05048182048660532,0.19488848056746932,-0.020249386893176402
C4,python_opaque,python_canonical,matrix_row_sums,matrix_aggregate,0.2255841696418971,0.4687027087556421,0.25240531682282186
C4,python_opaque,python_canonical,merge_sorted_ascending,merge_sorted,0.0714945862902229,0.18803109304356228,0.19455193376731528
C4,python_opaque,python_canonical,merge_sorted_descending,merge_sorted,0.061488534462314476,0.1749056781872243,0.1663169671085774
C4,python_opaque,python_canonical,minmax_normalize,bounded_numeric_transform,0.12348767450866183,0.35301885909282005,0.1617867277001548
C4,python_opaque,python_canonical,most_frequent,mode_selection,0.0734268335805498,0.259989287790572,-0.06022121268774694
C4,python_opaque,python_canonical,moving_average_three,sliding_window,0.0821171566253951,0.22831324975841943,0.027175986560250776
C4,python_opaque,python_canonical,numeric_palindrome,numeric_reverse,0.2275269940993171,0.4379411275487241,0.22322082692962297
C4,python_opaque,python_canonical,ordered_intersection,ordered_intersection,0.09682897978560678,0.31481540777659534,-0.07542215207930913
C4,python_opaque,python_canonical,ordered_unique_intersection,ordered_intersection,0.09003348290796365,0.2923679335898135,-0.0502474323392641
C4,python_opaque,python_canonical,partition_by_sign,partition,0.1706073650319116,0.4000601685424443,0.2053504618800126
C4,python_opaque,python_canonical,partition_by_threshold,partition,0.18328757085526076,0.41209648899176304,0.23285706337745127
C4,python_opaque,python_canonical,product_one_to_n,factorial_product,0.30058633804782103,0.56510857911504,0.3481344324106642
C4,python_opaque,python_canonical,remove_digits,string_filter,0.30757573785379455,0.5787781341127984,0.2778134297689989
C4,python_opaque,python_canonical,reverse_integer,numeric_reverse,0.14691238724784061,0.34025255189319775,0.08965773020741863
C4,python_opaque,python_canonical,reverse_list,reverse_sequence,0.30210106515951185,0.5323703334711909,0.39193188996004563
C4,python_opaque,python_canonical,reverse_string,reverse_sequence,0.274291548499884,0.5039881372007713,0.3206322377360964
C4,python_opaque,python_canonical,rotate_left_one,rotation,0.16665442733260166,0.3710594799678211,0.04904570697690602
C4,python_opaque,python_canonical,rotate_matrix_clockwise,matrix_transform,0.14911721067240724,0.3677275274246659,0.13151031147037784
C4,python_opaque,python_canonical,rotate_right_one,rotation,0.17242640121832853,0.4097571831316561,0.08206259097881785
C4,python_opaque,python_canonical,running_product,cumulative_scan,0.2682668224573283,0.5531289597383862,0.34205026296397034
C4,python_opaque,python_canonical,running_sum,cumulative_scan,0.2621297604692446,0.5502254558516441,0.29641286941668754
C4,python_opaque,python_canonical,scan_max,scan_extremum,0.17103703030022893,0.39779128231311917,0.14390237657812172
C4,python_opaque,python_canonical,scan_min,scan_extremum,0.1502860583038353,0.37251972581386034,0.13042215336421326
C4,python_opaque,python_canonical,selection_sort_ascending,selection_sort,0.11781975464504016,0.26593839990464246,0.19613746160454698
C4,python_opaque,python_canonical,selection_sort_descending,selection_sort,0.1270148735785137,0.2737595882688691,0.19635390367535582
C4,python_opaque,python_canonical,square_values,element_transform,0.29581605578207215,0.5710217123586416,0.3155469560241584
C4,python_opaque,python_canonical,string_palindrome,palindrome_test,0.12197960618917236,0.295228934767134,0.1440707572968486
C4,python_opaque,python_canonical,sum_negative,sign_sum,0.2762264386180539,0.5358193212638522,0.2991570580006401
C4,python_opaque,python_canonical,sum_positive,sign_sum,0.30629249682290016,0.5718837558137388,0.35862099606104797
C4,python_opaque,python_canonical,transpose_matrix,matrix_transform,0.1808012560130241,0.4028261817995911,0.16026221794965811
C4,python_opaque,python_canonical,window_sum_three,sliding_window,0.09959147614903696,0.24208184581217407,0.06063217189155812
